ID,smiles,value,gas
1,[*]CC([*])Cl,11.17286139,CH4
2,[*]CC([*])Cl,63.99385853,CO2
3,[*]CC([*])Cl,1.78428842,N2
4,[*]CC([*])Cl,2.746346083,O2
5,[*]CC([*])(C)C(=O)OCC,6.310872483,CH4
6,[*]CC([*])(C)C(=O)OCC,48.48480761,CO2
7,[*]CC([*])(C)C(=O)OCC,0.845339487,N2
8,[*]CC([*])(C)C(=O)OCC,1.466834233,O2
9,[*]OC1C(COCC)OC([*])C(O)C1O,9.3401541,CH4
10,[*]OC1C(COCC)OC([*])C(O)C1O,59.78421247,CO2
11,[*]OC1C(COCC)OC([*])C(O)C1O,1.302602461,N2
12,[*]OC1C(COCC)OC([*])C(O)C1O,2.123354339,O2
13,[*]/C(C)=C(/[*])c1ccccc1,1.393054085,CH4
14,[*]/C(C)=C(/[*])c1ccccc1,5.30139775,CO2
15,[*]/C(C)=C(/[*])c1ccccc1,0.218271352,N2
16,[*]/C(C)=C(/[*])c1ccccc1,0.416956055,O2
17,[*]/C(CC)=C(/[*])c1ccccc1,4.640158194,CH4
18,[*]/C(CC)=C(/[*])c1ccccc1,25.80286592,CO2
19,[*]/C(CC)=C(/[*])c1ccccc1,0.941340238,N2
20,[*]/C(CC)=C(/[*])c1ccccc1,1.293689052,O2
21,[*]/C(CCCCCC)=C(/[*])c1ccccc1,4.570528851,CH4
22,[*]/C(CCCCCC)=C(/[*])c1ccccc1,28.21777415,CO2
23,[*]/C(CCCCCC)=C(/[*])c1ccccc1,0.71367975,N2
24,[*]/C(CCCCCC)=C(/[*])c1ccccc1,1.148091823,O2
25,[*]/C(Cl)=C(/[*])CCCC,1.27426975,CH4
26,[*]/C(Cl)=C(/[*])CCCC,3.775319661,CO2
27,[*]/C(Cl)=C(/[*])CCCC,0.280109975,N2
28,[*]/C(Cl)=C(/[*])CCCC,0.439387706,O2
29,[*]/C(Cl)=C(/[*])c1ccccc1,8.385187083,CH4
30,[*]/C(Cl)=C(/[*])c1ccccc1,29.43532231,CO2
31,[*]/C(Cl)=C(/[*])c1ccccc1,1.190754276,N2
32,[*]/C(Cl)=C(/[*])c1ccccc1,1.902383933,O2
33,[*]/C=C(/[*])C(C)(C)C,7.892483229,CH4
34,[*]/C=C(/[*])C(C)(C)C,71.40718786,CO2
35,[*]/C=C(/[*])C(C)(C)C,1.074383329,N2
36,[*]/C=C(/[*])C(C)(C)C,1.850445159,O2
37,[*]/C=C(/[*])c1ccccc1C,3.126552225,CH4
38,[*]/C=C(/[*])c1ccccc1C,9.721168657,CO2
39,[*]/C=C(/[*])c1ccccc1C,0.597076802,N2
40,[*]/C=C(/[*])c1ccccc1C,0.918566782,O2
41,[*]/C=C(/[*])c1ccccc1C(F)(F)F,4.160515978,CH4
42,[*]/C=C(/[*])c1ccccc1C(F)(F)F,12.86403962,CO2
43,[*]/C=C(/[*])c1ccccc1C(F)(F)F,0.792537497,N2
44,[*]/C=C(/[*])c1ccccc1C(F)(F)F,1.198595549,O2
45,[*]C=CC1CC([*])CC1CS(=O)(=O)c1ccc(C)cc1,7.892483229,CH4
46,[*]C=CC1CC([*])CC1CS(=O)(=O)c1ccc(C)cc1,71.40718786,CO2
47,[*]C=CC1CC([*])CC1CS(=O)(=O)c1ccc(C)cc1,1.074383329,N2
48,[*]C=CC1CC([*])CC1CS(=O)(=O)c1ccc(C)cc1,1.850445159,O2
49,[*]=CC1CCC(C=[*])C1,13.10136423,CH4
50,[*]=CC1CCC(C=[*])C1,97.2318274,CO2
51,[*]=CC1CCC(C=[*])C1,1.964517431,N2
52,[*]=CC1CCC(C=[*])C1,2.954760898,O2
53,[*]C=CC1CC([*])C2C(=O)N(C3CCCC3)C(=O)C12,3.126552225,CH4
54,[*]C=CC1CC([*])C2C(=O)N(C3CCCC3)C(=O)C12,9.721168657,CO2
55,[*]C=CC1CC([*])C2C(=O)N(C3CCCC3)C(=O)C12,0.597076802,N2
56,[*]C=CC1CC([*])C2C(=O)N(C3CCCC3)C(=O)C12,0.918566782,O2
57,[*]C=CC1CC([*])C2C(=O)N(C3CCCCC3)C(=O)C12,1.996458352,CH4
58,[*]C=CC1CC([*])C2C(=O)N(C3CCCCC3)C(=O)C12,5.919489956,CO2
59,[*]C=CC1CC([*])C2C(=O)N(C3CCCCC3)C(=O)C12,0.359534081,N2
60,[*]C=CC1CC([*])C2C(=O)N(C3CCCCC3)C(=O)C12,0.572291996,O2
61,[*]CCC(F)(Cl)C([*])(F)F,2.496709539,CH4
62,[*]CCC(F)(Cl)C([*])(F)F,18.11178491,CO2
63,[*]CCC(F)(Cl)C([*])(F)F,0.368613909,N2
64,[*]CCC(F)(Cl)C([*])(F)F,0.704538284,O2
65,[*]C(F)(F)C(F)(F)C(F)(F)C([*])(F)C(F)(F)F,9.44221019,CH4
66,[*]C(F)(F)C(F)(F)C(F)(F)C([*])(F)C(F)(F)F,74.64630393,CO2
67,[*]C(F)(F)C(F)(F)C(F)(F)C([*])(F)C(F)(F)F,1.485747369,N2
68,[*]C(F)(F)C(F)(F)C(F)(F)C([*])(F)C(F)(F)F,2.341031608,O2
69,[*]CC(F)(F)C(F)(F)C1(F)OC(C(F)(F)F)(C(F)(F)F)OC1([*])F,10.43008855,CH4
70,[*]CC(F)(F)C(F)(F)C1(F)OC(C(F)(F)F)(C(F)(F)F)OC1([*])F,104.0344758,CO2
71,[*]CC(F)(F)C(F)(F)C1(F)OC(C(F)(F)F)(C(F)(F)F)OC1([*])F,1.487804854,N2
72,[*]CC(F)(F)C(F)(F)C1(F)OC(C(F)(F)F)(C(F)(F)F)OC1([*])F,2.465122059,O2
73,[*]C(F)(F)C(F)(F)CC1(F)OC(F)(F)OC1([*])OC(F)(F)F,9.44221019,CH4
74,[*]C(F)(F)C(F)(F)CC1(F)OC(F)(F)OC1([*])OC(F)(F)F,74.64630393,CO2
75,[*]C(F)(F)C(F)(F)CC1(F)OC(F)(F)OC1([*])OC(F)(F)F,1.485747369,N2
76,[*]C(F)(F)C(F)(F)CC1(F)OC(F)(F)OC1([*])OC(F)(F)F,2.341031608,O2
77,[*]CCC(F)(F)C([*])(F)F,11.17286139,CH4
78,[*]CCC(F)(F)C([*])(F)F,63.99385853,CO2
79,[*]CCC(F)(F)C([*])(F)F,1.78428842,N2
80,[*]CCC(F)(F)C([*])(F)F,2.746346083,O2
81,[*]C(F)(F)C([*])(F)F,6.251335021,CH4
82,[*]C(F)(F)C([*])(F)F,18.21298417,CO2
83,[*]C(F)(F)C([*])(F)F,1.112780955,N2
84,[*]C(F)(F)C([*])(F)F,1.64225397,O2
85,[*]C(F)(F)C(F)(F)C1(F)C(F)(F)C([*])(F)OC(F)(F)C1(F)F,2.062583596,CH4
86,[*]C(F)(F)C(F)(F)C1(F)C(F)(F)C([*])(F)OC(F)(F)C1(F)F,6.316972624,CO2
87,[*]C(F)(F)C(F)(F)C1(F)C(F)(F)C([*])(F)OC(F)(F)C1(F)F,0.375934028,N2
88,[*]C(F)(F)C(F)(F)C1(F)C(F)(F)C([*])(F)OC(F)(F)C1(F)F,0.582876106,O2
89,[*]CC([*])F,4.888801329,CH4
90,[*]CC([*])F,53.18575237,CO2
91,[*]CC([*])F,0.737066094,N2
92,[*]CC([*])F,1.163772708,O2
93,[*]C=CC1CC([*])C2C(=O)N(c3ccccc3)C(=O)C12,3.126552225,CH4
94,[*]C=CC1CC([*])C2C(=O)N(c3ccccc3)C(=O)C12,9.721168657,CO2
95,[*]C=CC1CC([*])C2C(=O)N(c3ccccc3)C(=O)C12,0.597076802,N2
96,[*]C=CC1CC([*])C2C(=O)N(c3ccccc3)C(=O)C12,0.918566782,O2
97,[*]C=CC1CC([*])C(C(F)(F)F)(C(F)(F)F)C1(F)F,2.062583596,CH4
98,[*]C=CC1CC([*])C(C(F)(F)F)(C(F)(F)F)C1(F)F,6.316972624,CO2
99,[*]C=CC1CC([*])C(C(F)(F)F)(C(F)(F)F)C1(F)F,0.375934028,N2
100,[*]C=CC1CC([*])C(C(F)(F)F)(C(F)(F)F)C1(F)F,0.582876106,O2
101,[*]C=CC1CC([*])C2C(=O)N(C34CC5CC(CC(C5)C3)C4)C(=O)C12,8.385187083,CH4
102,[*]C=CC1CC([*])C2C(=O)N(C34CC5CC(CC(C5)C3)C4)C(=O)C12,44.73134536,CO2
103,[*]C=CC1CC([*])C2C(=O)N(C34CC5CC(CC(C5)C3)C4)C(=O)C12,1.010965097,N2
104,[*]C=CC1CC([*])C2C(=O)N(C34CC5CC(CC(C5)C3)C4)C(=O)C12,1.902383933,O2
105,[*]C=CC1CC([*])C2C(=O)N(C3CCCCC3)C(=O)C12,1.393054085,CH4
106,[*]C=CC1CC([*])C2C(=O)N(C3CCCCC3)C(=O)C12,5.30139775,CO2
107,[*]C=CC1CC([*])C2C(=O)N(C3CCCCC3)C(=O)C12,0.218271352,N2
108,[*]C=CC1CC([*])C2C(=O)N(C3CCCCC3)C(=O)C12,0.416956055,O2
109,[*]C=CC1CC([*])CC1(C#N)CC,2.062583596,CH4
110,[*]C=CC1CC([*])CC1(C#N)CC,6.316972624,CO2
111,[*]C=CC1CC([*])CC1(C#N)CC,0.375934028,N2
112,[*]C=CC1CC([*])CC1(C#N)CC,0.582876106,O2
113,[*]C=CC1CC([*])CC1(C#N)CCC,2.146981218,CH4
114,[*]C=CC1CC([*])CC1(C#N)CCC,7.448946756,CO2
115,[*]C=CC1CC([*])CC1(C#N)CCC,0.404506886,N2
116,[*]C=CC1CC([*])CC1(C#N)CCC,0.643850879,O2
117,[*]C=CC1CC([*])CC1(C#N)CCCC,1.996458352,CH4
118,[*]C=CC1CC([*])CC1(C#N)CCCC,5.919489956,CO2
119,[*]C=CC1CC([*])CC1(C#N)CCCC,0.359534081,N2
120,[*]C=CC1CC([*])CC1(C#N)CCCC,0.572291996,O2
121,[*]C=CC1CC([*])CC1C#N,1.217532191,CH4
122,[*]C=CC1CC([*])CC1C#N,4.313165572,CO2
123,[*]C=CC1CC([*])CC1C#N,0.185919539,N2
124,[*]C=CC1CC([*])CC1C#N,0.380822667,O2
125,[*]C=CC1CC([*])CC1C(=O)OC,1.393054085,CH4
126,[*]C=CC1CC([*])CC1C(=O)OC,5.30139775,CO2
127,[*]C=CC1CC([*])CC1C(=O)OC,0.218271352,N2
128,[*]C=CC1CC([*])CC1C(=O)OC,0.416956055,O2
129,[*]CC(C)O[*],2.496709539,CH4
130,[*]CC(C)O[*],18.11178491,CO2
131,[*]CC(C)O[*],0.368613909,N2
132,[*]CC(C)O[*],0.704538284,O2
133,[*]c1ccc(OCC(O)COc2ccc(C([*])(C)C)cc2)cc1,6.251335021,CH4
134,[*]c1ccc(OCC(O)COc2ccc(C([*])(C)C)cc2)cc1,18.21298417,CO2
135,[*]c1ccc(OCC(O)COc2ccc(C([*])(C)C)cc2)cc1,1.112780955,N2
136,[*]c1ccc(OCC(O)COc2ccc(C([*])(C)C)cc2)cc1,1.64225397,O2
137,[*]CC([*])(C)C,1.602015663,CH4
138,[*]CC([*])(C)C,3.833460882,CO2
139,[*]CC([*])(C)C,0.257816185,N2
140,[*]CC([*])(C)C,0.447788652,O2
141,[*]CC([*])(C)C#N,14.60895555,CH4
142,[*]CC([*])(C)C#N,104.5359462,CO2
143,[*]CC([*])(C)C#N,2.20339315,N2
144,[*]CC([*])(C)C#N,3.322483132,O2
145,[*]CC([*])(C)C(=O)OC,9.3401541,CH4
146,[*]CC([*])(C)C(=O)OC,59.78421247,CO2
147,[*]CC([*])(C)C(=O)OC,1.302602461,N2
148,[*]CC([*])(C)C(=O)OC,2.123354339,O2
149,[*]CC([*])(C)C(=O)OC(C)(C)C,2.146981218,CH4
150,[*]CC([*])(C)C(=O)OC(C)(C)C,7.448946756,CO2
151,[*]CC([*])(C)C(=O)OC(C)(C)C,0.404506886,N2
152,[*]CC([*])(C)C(=O)OC(C)(C)C,0.643850879,O2
153,[*]CC([*])(C)C(=O)OCCOCC,7.892483229,CH4
154,[*]CC([*])(C)C(=O)OCCOCC,71.40718786,CO2
155,[*]CC([*])(C)C(=O)OCCOCC,1.074383329,N2
156,[*]CC([*])(C)C(=O)OCCOCC,1.850445159,O2
157,[*]CC([*])C,1.217532191,CH4
158,[*]CC([*])C,4.313165572,CO2
159,[*]CC([*])C,0.185919539,N2
160,[*]CC([*])C,0.380822667,O2
161,[*]CC([*])C#N,1.996458352,CH4
162,[*]CC([*])C#N,5.919489956,CO2
163,[*]CC([*])C#N,0.359534081,N2
164,[*]CC([*])C#N,0.572291996,O2
165,[*]CC([*])C(=O)OC,4.160515978,CH4
166,[*]CC([*])C(=O)OC,12.86403962,CO2
167,[*]CC([*])C(=O)OC,0.792537497,N2
168,[*]CC([*])C(=O)OC,1.198595549,O2
169,[*]CC([*])C(=O)OCC,14.60895555,CH4
170,[*]CC([*])C(=O)OCC,104.5359462,CO2
171,[*]CC([*])C(=O)OCC,2.20339315,N2
172,[*]CC([*])C(=O)OCC,3.322483132,O2
173,[*]CC([*])CC,15.22871633,CH4
174,[*]CC([*])CC,132.9864937,CO2
175,[*]CC([*])CC,2.224423081,N2
176,[*]CC([*])CC,3.443564658,O2
177,[*]CC([*])CC(C)C,9.44221019,CH4
178,[*]CC([*])CC(C)C,74.64630393,CO2
179,[*]CC([*])CC(C)C,1.485747369,N2
180,[*]CC([*])CC(C)C,2.341031608,O2
181,[*]CC([*])c1ccc(Br)cc1,6.251335021,CH4
182,[*]CC([*])c1ccc(Br)cc1,18.21298417,CO2
183,[*]CC([*])c1ccc(Br)cc1,1.112780955,N2
184,[*]CC([*])c1ccc(Br)cc1,1.64225397,O2
185,[*]CC([*])c1ccc(C(C)(C)C)cc1,13.10136423,CH4
186,[*]CC([*])c1ccc(C(C)(C)C)cc1,97.2318274,CO2
187,[*]CC([*])c1ccc(C(C)(C)C)cc1,1.964517431,N2
188,[*]CC([*])c1ccc(C(C)(C)C)cc1,2.954760898,O2
189,[*]CC([*])c1ccc(C)cc1,14.60895555,CH4
190,[*]CC([*])c1ccc(C)cc1,104.5359462,CO2
191,[*]CC([*])c1ccc(C)cc1,2.20339315,N2
192,[*]CC([*])c1ccc(C)cc1,3.322483132,O2
193,[*]CC([*])c1ccc(Cl)cc1,2.496709539,CH4
194,[*]CC([*])c1ccc(Cl)cc1,18.11178491,CO2
195,[*]CC([*])c1ccc(Cl)cc1,0.368613909,N2
196,[*]CC([*])c1ccc(Cl)cc1,0.704538284,O2
197,[*]CC([*])c1ccc(F)cc1,6.251335021,CH4
198,[*]CC([*])c1ccc(F)cc1,18.21298417,CO2
199,[*]CC([*])c1ccc(F)cc1,1.112780955,N2
200,[*]CC([*])c1ccc(F)cc1,1.64225397,O2
201,[*]CC([*])c1ccc(OC(C)=O)cc1,13.85010889,CH4
202,[*]CC([*])c1ccc(OC(C)=O)cc1,110.1021909,CO2
203,[*]CC([*])c1ccc(OC(C)=O)cc1,1.946068218,N2
204,[*]CC([*])c1ccc(OC(C)=O)cc1,3.016502977,O2
205,[*]CC([*])c1ccc(OC)cc1,1.996458352,CH4
206,[*]CC([*])c1ccc(OC)cc1,5.919489956,CO2
207,[*]CC([*])c1ccc(OC)cc1,0.359534081,N2
208,[*]CC([*])c1ccc(OC)cc1,0.572291996,O2
209,[*]CC([*])c1ccccc1,1.393054085,CH4
210,[*]CC([*])c1ccccc1,5.30139775,CO2
211,[*]CC([*])c1ccccc1,0.218271352,N2
212,[*]CC([*])c1ccccc1,0.416956055,O2
213,[*]CC([*])c1ccncc1,6.310872483,CH4
214,[*]CC([*])c1ccncc1,48.48480761,CO2
215,[*]CC([*])c1ccncc1,0.845339487,N2
216,[*]CC([*])c1ccncc1,1.466834233,O2
217,[*]c1ccc(OCCC(O)Oc2ccc(C([*])(C)C)cc2)cc1,1.769920412,CH4
218,[*]c1ccc(OCCC(O)Oc2ccc(C([*])(C)C)cc2)cc1,11.09555159,CO2
219,[*]c1ccc(OCCC(O)Oc2ccc(C([*])(C)C)cc2)cc1,0.270029655,N2
220,[*]c1ccc(OCCC(O)Oc2ccc(C([*])(C)C)cc2)cc1,0.505463211,O2
221,[*]CCCCCCCCCCNC([*])=O,9.3401541,CH4
222,[*]CCCCCCCCCCNC([*])=O,59.78421247,CO2
223,[*]CCCCCCCCCCNC([*])=O,1.302602461,N2
224,[*]CCCCCCCCCCNC([*])=O,2.123354339,O2
225,[*]C[*],0.874085,CH4
226,[*]C[*],2.654377,CO2
227,[*]C[*],0.153302,N2
228,[*]C[*],0.280551,O2
229,[*]c1cc(Br)c(OC(=O)Oc2c(Br)cc(C([*])(C)C)cc2Br)c(Br)c1,8.385187083,CH4
230,[*]c1cc(Br)c(OC(=O)Oc2c(Br)cc(C([*])(C)C)cc2Br)c(Br)c1,29.43532231,CO2
231,[*]c1cc(Br)c(OC(=O)Oc2c(Br)cc(C([*])(C)C)cc2Br)c(Br)c1,1.190754276,N2
232,[*]c1cc(Br)c(OC(=O)Oc2c(Br)cc(C([*])(C)C)cc2Br)c(Br)c1,1.902383933,O2
233,[*]c1cc(C)c(OC(=O)Oc2c(C)cc(C([*])(C)C)cc2C)c(C)c1,4.596942625,CH4
234,[*]c1cc(C)c(OC(=O)Oc2c(C)cc(C([*])(C)C)cc2C)c(C)c1,22.889399,CO2
235,[*]c1cc(C)c(OC(=O)Oc2c(C)cc(C([*])(C)C)cc2C)c(C)c1,0.719507108,N2
236,[*]c1cc(C)c(OC(=O)Oc2c(C)cc(C([*])(C)C)cc2C)c(C)c1,1.255330611,O2
237,[*]c1cc(C)c(OC(=O)Oc2c(C)cc(C([*])(C(F)(F)F)C(F)(F)F)cc2C)c(C)c1,6.445731951,CH4
238,[*]c1cc(C)c(OC(=O)Oc2c(C)cc(C([*])(C(F)(F)F)C(F)(F)F)cc2C)c(C)c1,26.46955713,CO2
239,[*]c1cc(C)c(OC(=O)Oc2c(C)cc(C([*])(C(F)(F)F)C(F)(F)F)cc2C)c(C)c1,1.139678427,N2
240,[*]c1cc(C)c(OC(=O)Oc2c(C)cc(C([*])(C(F)(F)F)C(F)(F)F)cc2C)c(C)c1,1.789863877,O2
241,[*]c1cc(Cl)c(OC(=O)Oc2c(Cl)cc(C([*])(C)C)cc2Cl)c(Cl)c1,4.992521395,CH4
242,[*]c1cc(Cl)c(OC(=O)Oc2c(Cl)cc(C([*])(C)C)cc2Cl)c(Cl)c1,27.43411012,CO2
243,[*]c1cc(Cl)c(OC(=O)Oc2c(Cl)cc(C([*])(C)C)cc2Cl)c(Cl)c1,0.867700624,N2
244,[*]c1cc(Cl)c(OC(=O)Oc2c(Cl)cc(C([*])(C)C)cc2Cl)c(Cl)c1,1.550204948,O2
245,[*]c1ccc(OC(=O)Oc2ccc(C([*])(C)C)cc2)cc1,2.350943452,CH4
246,[*]c1ccc(OC(=O)Oc2ccc(C([*])(C)C)cc2)cc1,10.92104973,CO2
247,[*]c1ccc(OC(=O)Oc2ccc(C([*])(C)C)cc2)cc1,0.35566385,N2
248,[*]c1ccc(OC(=O)Oc2ccc(C([*])(C)C)cc2)cc1,0.674606413,O2
249,[*]Oc1ccc(C(Cl)(Cl)c2ccc(OC([*])=O)cc2)cc1,1.89344893,CH4
250,[*]Oc1ccc(C(Cl)(Cl)c2ccc(OC([*])=O)cc2)cc1,10.59761935,CO2
251,[*]Oc1ccc(C(Cl)(Cl)c2ccc(OC([*])=O)cc2)cc1,0.300304939,N2
252,[*]Oc1ccc(C(Cl)(Cl)c2ccc(OC([*])=O)cc2)cc1,0.610739154,O2
253,[*]Oc1ccc(C(c2ccc(OC([*])=O)cc2)(C(F)(F)F)C(F)(F)F)cc1,4.479848745,CH4
254,[*]Oc1ccc(C(c2ccc(OC([*])=O)cc2)(C(F)(F)F)C(F)(F)F)cc1,20.93795954,CO2
255,[*]Oc1ccc(C(c2ccc(OC([*])=O)cc2)(C(F)(F)F)C(F)(F)F)cc1,0.713951119,N2
256,[*]Oc1ccc(C(c2ccc(OC([*])=O)cc2)(C(F)(F)F)C(F)(F)F)cc1,1.237917858,O2
257,[*]c1ccc(OC(=O)Oc2ccc(C([*])(C)c3ccccc3)cc2)cc1,15.22871633,CH4
258,[*]c1ccc(OC(=O)Oc2ccc(C([*])(C)c3ccccc3)cc2)cc1,132.9864937,CO2
259,[*]c1ccc(OC(=O)Oc2ccc(C([*])(C)c3ccccc3)cc2)cc1,2.224423081,N2
260,[*]c1ccc(OC(=O)Oc2ccc(C([*])(C)c3ccccc3)cc2)cc1,3.443564658,O2
261,[*]c1ccc(OC(=O)Oc2ccc(C3([*])CC(C)CC(C)(C)C3)cc2)cc1,4.311640227,CH4
262,[*]c1ccc(OC(=O)Oc2ccc(C3([*])CC(C)CC(C)(C)C3)cc2)cc1,16.61631872,CO2
263,[*]c1ccc(OC(=O)Oc2ccc(C3([*])CC(C)CC(C)(C)C3)cc2)cc1,0.652894868,N2
264,[*]c1ccc(OC(=O)Oc2ccc(C3([*])CC(C)CC(C)(C)C3)cc2)cc1,1.120849153,O2
265,[*]Oc1ccc(C2(c3ccc(OC([*])=O)cc3)CCCCC2)cc1,3.208120767,CH4
266,[*]Oc1ccc(C2(c3ccc(OC([*])=O)cc3)CCCCC2)cc1,15.63628281,CO2
267,[*]Oc1ccc(C2(c3ccc(OC([*])=O)cc3)CCCCC2)cc1,0.469756925,N2
268,[*]Oc1ccc(C2(c3ccc(OC([*])=O)cc3)CCCCC2)cc1,0.87638334,O2
269,[*]Oc1ccc(C2(c3ccc(OC([*])=O)cc3)CC3CCC2C3)cc1,5.351443881,CH4
270,[*]Oc1ccc(C2(c3ccc(OC([*])=O)cc3)CC3CCC2C3)cc1,27.59822213,CO2
271,[*]Oc1ccc(C2(c3ccc(OC([*])=O)cc3)CC3CCC2C3)cc1,0.77288358,N2
272,[*]Oc1ccc(C2(c3ccc(OC([*])=O)cc3)CC3CCC2C3)cc1,1.377329609,O2
273,[*]Oc1ccc(C2(c3ccc(OC([*])=O)cc3)c3ccccc3-c3ccccc32)cc1,4.640158194,CH4
274,[*]Oc1ccc(C2(c3ccc(OC([*])=O)cc3)c3ccccc3-c3ccccc32)cc1,25.80286592,CO2
275,[*]Oc1ccc(C2(c3ccc(OC([*])=O)cc3)c3ccccc3-c3ccccc32)cc1,0.941340238,N2
276,[*]Oc1ccc(C2(c3ccc(OC([*])=O)cc3)c3ccccc3-c3ccccc32)cc1,1.293689052,O2
277,[*]c1ccc(OC(=O)c2ccc(C(=O)Oc3ccc(C([*])(C)C)cc3)cc2)cc1,2.091154647,CH4
278,[*]c1ccc(OC(=O)c2ccc(C(=O)Oc3ccc(C([*])(C)C)cc3)cc2)cc1,10.00795517,CO2
279,[*]c1ccc(OC(=O)c2ccc(C(=O)Oc3ccc(C([*])(C)C)cc3)cc2)cc1,0.324446109,N2
280,[*]c1ccc(OC(=O)c2ccc(C(=O)Oc3ccc(C([*])(C)C)cc3)cc2)cc1,0.635125165,O2
281,[*]c1ccc(OC(=O)c2cccc(C(=O)Oc3ccc(C([*])(C)C)cc3)c2)cc1,2.441225079,CH4
282,[*]c1ccc(OC(=O)c2cccc(C(=O)Oc3ccc(C([*])(C)C)cc3)c2)cc1,12.28452701,CO2
283,[*]c1ccc(OC(=O)c2cccc(C(=O)Oc3ccc(C([*])(C)C)cc3)c2)cc1,0.37274645,N2
284,[*]c1ccc(OC(=O)c2cccc(C(=O)Oc3ccc(C([*])(C)C)cc3)c2)cc1,0.70336511,O2
285,[*]OC1C(COC(C)=O)OC(OC2C(COC(C)=O)OC([*])C(OC(C)=O)C2O)C(OC(C)=O)C1O,13.10136423,CH4
286,[*]OC1C(COC(C)=O)OC(OC2C(COC(C)=O)OC([*])C(OC(C)=O)C2O)C(OC(C)=O)C1O,97.2318274,CO2
287,[*]OC1C(COC(C)=O)OC(OC2C(COC(C)=O)OC([*])C(OC(C)=O)C2O)C(OC(C)=O)C1O,1.964517431,N2
288,[*]OC1C(COC(C)=O)OC(OC2C(COC(C)=O)OC([*])C(OC(C)=O)C2O)C(OC(C)=O)C1O,2.954760898,O2
289,[*]OCCCCOC(=O)c1ccc(C([*])=O)cc1,0.723310308,CH4
290,[*]OCCCCOC(=O)c1ccc(C([*])=O)cc1,4.096636146,CO2
291,[*]OCCCCOC(=O)c1ccc(C([*])=O)cc1,0.11675554,N2
292,[*]OCCCCOC(=O)c1ccc(C([*])=O)cc1,0.250952037,O2
293,[*]OCCOC(=O)c1ccc(C([*])=O)cc1,0.72242387,CH4
294,[*]OCCOC(=O)c1ccc(C([*])=O)cc1,5.040792884,CO2
295,[*]OCCOC(=O)c1ccc(C([*])=O)cc1,0.12285137,N2
296,[*]OCCOC(=O)c1ccc(C([*])=O)cc1,0.264630121,O2
297,[*]c1cc(C)c(OC(=O)Oc2c(C)cc(C([*])(C(F)(F)F)C(F)(F)F)cc2C)c(C)c1,4.570528851,CH4
298,[*]c1cc(C)c(OC(=O)Oc2c(C)cc(C([*])(C(F)(F)F)C(F)(F)F)cc2C)c(C)c1,28.21777415,CO2
299,[*]c1cc(C)c(OC(=O)Oc2c(C)cc(C([*])(C(F)(F)F)C(F)(F)F)cc2C)c(C)c1,0.71367975,N2
300,[*]c1cc(C)c(OC(=O)Oc2c(C)cc(C([*])(C(F)(F)F)C(F)(F)F)cc2C)c(C)c1,1.148091823,O2
301,[*]c1ccc(OC(=O)Oc2ccc(C([*])(C)C)cc2)cc1,13.85010889,CH4
302,[*]c1ccc(OC(=O)Oc2ccc(C([*])(C)C)cc2)cc1,110.1021909,CO2
303,[*]c1ccc(OC(=O)Oc2ccc(C([*])(C)C)cc2)cc1,1.946068218,N2
304,[*]c1ccc(OC(=O)Oc2ccc(C([*])(C)C)cc2)cc1,3.016502977,O2
305,[*]c1cc(C)c(OC(=O)Oc2c(C)cc(C([*])(C)C)cc2C)c(C)c1,10.43008855,CH4
306,[*]c1cc(C)c(OC(=O)Oc2c(C)cc(C([*])(C)C)cc2C)c(C)c1,104.0344758,CO2
307,[*]c1cc(C)c(OC(=O)Oc2c(C)cc(C([*])(C)C)cc2C)c(C)c1,1.487804854,N2
308,[*]c1cc(C)c(OC(=O)Oc2c(C)cc(C([*])(C)C)cc2C)c(C)c1,2.465122059,O2
309,[*]c1ccc(Oc2ccc(S([*])(=O)=O)cc2)cc1,2.496709539,CH4
310,[*]c1ccc(Oc2ccc(S([*])(=O)=O)cc2)cc1,18.11178491,CO2
311,[*]c1ccc(Oc2ccc(S([*])(=O)=O)cc2)cc1,0.368613909,N2
312,[*]c1ccc(Oc2ccc(S([*])(=O)=O)cc2)cc1,0.704538284,O2
313,[*]Oc1c(-c2ccccc2)cc([*])cc1-c1ccccc1,4.042036441,CH4
314,[*]Oc1c(-c2ccccc2)cc([*])cc1-c1ccccc1,20.39552187,CO2
315,[*]Oc1c(-c2ccccc2)cc([*])cc1-c1ccccc1,0.658967354,N2
316,[*]Oc1c(-c2ccccc2)cc([*])cc1-c1ccccc1,1.130841473,O2
317,[*]c1ccc(OC(=O)c2cc(C(=O)Oc3ccc(C([*])(C)C)cc3C(C)C)cc(C(C)(C)C)c2)c(C(C)C)c1,11.18379813,CH4
318,[*]c1ccc(OC(=O)c2cc(C(=O)Oc3ccc(C([*])(C)C)cc3C(C)C)cc(C(C)(C)C)c2)c(C(C)C)c1,73.81140369,CO2
319,[*]c1ccc(OC(=O)c2cc(C(=O)Oc3ccc(C([*])(C)C)cc3C(C)C)cc(C(C)(C)C)c2)c(C(C)C)c1,1.675702033,N2
320,[*]c1ccc(OC(=O)c2cc(C(=O)Oc3ccc(C([*])(C)C)cc3C(C)C)cc(C(C)(C)C)c2)c(C(C)C)c1,2.571544259,O2
321,[*]c1ccc(Oc2cccc3c(Oc4ccc(S([*])(=O)=O)cc4)cccc23)cc1,4.160515978,CH4
322,[*]c1ccc(Oc2cccc3c(Oc4ccc(S([*])(=O)=O)cc4)cccc23)cc1,12.86403962,CO2
323,[*]c1ccc(Oc2cccc3c(Oc4ccc(S([*])(=O)=O)cc4)cccc23)cc1,0.792537497,N2
324,[*]c1ccc(Oc2cccc3c(Oc4ccc(S([*])(=O)=O)cc4)cccc23)cc1,1.198595549,O2
325,[*]c1cc(C)c(Oc2ccc(S(=O)(=O)c3ccc(Oc4c(C)cc(C([*])(C)C)cc4C)cc3)cc2)c(C)c1,10.43008855,CH4
326,[*]c1cc(C)c(Oc2ccc(S(=O)(=O)c3ccc(Oc4c(C)cc(C([*])(C)C)cc4C)cc3)cc2)c(C)c1,104.0344758,CO2
327,[*]c1cc(C)c(Oc2ccc(S(=O)(=O)c3ccc(Oc4c(C)cc(C([*])(C)C)cc4C)cc3)cc2)c(C)c1,1.487804854,N2
328,[*]c1cc(C)c(Oc2ccc(S(=O)(=O)c3ccc(Oc4c(C)cc(C([*])(C)C)cc4C)cc3)cc2)c(C)c1,2.465122059,O2
329,[*]c1cc(C)c(Oc2ccc(S(=O)(=O)c3ccc(Oc4c(C)cc(C([*])(C(F)(F)F)C(F)(F)F)cc4C)cc3)cc2)c(C)c1,5.818212993,CH4
330,[*]c1cc(C)c(Oc2ccc(S(=O)(=O)c3ccc(Oc4c(C)cc(C([*])(C(F)(F)F)C(F)(F)F)cc4C)cc3)cc2)c(C)c1,28.9812177,CO2
331,[*]c1cc(C)c(Oc2ccc(S(=O)(=O)c3ccc(Oc4c(C)cc(C([*])(C(F)(F)F)C(F)(F)F)cc4C)cc3)cc2)c(C)c1,0.954450484,N2
332,[*]c1cc(C)c(Oc2ccc(S(=O)(=O)c3ccc(Oc4c(C)cc(C([*])(C(F)(F)F)C(F)(F)F)cc4C)cc3)cc2)c(C)c1,1.572193893,O2
333,[*]c1cc(C)c(Oc2ccc(S(=O)(=O)c3ccc(Oc4c(C)cc([*])cc4C)cc3)cc2)c(C)c1,5.360261097,CH4
334,[*]c1cc(C)c(Oc2ccc(S(=O)(=O)c3ccc(Oc4c(C)cc([*])cc4C)cc3)cc2)c(C)c1,29.06346037,CO2
335,[*]c1cc(C)c(Oc2ccc(S(=O)(=O)c3ccc(Oc4c(C)cc([*])cc4C)cc3)cc2)c(C)c1,0.823111919,N2
336,[*]c1cc(C)c(Oc2ccc(S(=O)(=O)c3ccc(Oc4c(C)cc([*])cc4C)cc3)cc2)c(C)c1,1.390389544,O2
337,[*]Oc1ccc(S(=O)(=O)c2ccc(Oc3c(C)cc(-c4cc(C)c([*])c(C)c4C)c(C)c3C)cc2)cc1,3.126552225,CH4
338,[*]Oc1ccc(S(=O)(=O)c2ccc(Oc3c(C)cc(-c4cc(C)c([*])c(C)c4C)c(C)c3C)cc2)cc1,9.721168657,CO2
339,[*]Oc1ccc(S(=O)(=O)c2ccc(Oc3c(C)cc(-c4cc(C)c([*])c(C)c4C)c(C)c3C)cc2)cc1,0.597076802,N2
340,[*]Oc1ccc(S(=O)(=O)c2ccc(Oc3c(C)cc(-c4cc(C)c([*])c(C)c4C)c(C)c3C)cc2)cc1,0.918566782,O2
341,[*]c1ccc(Oc2ccc(S(=O)(=O)c3ccc(Oc4ccc(C([*])(C)C)cc4)cc3)cc2)cc1,4.640158194,CH4
342,[*]c1ccc(Oc2ccc(S(=O)(=O)c3ccc(Oc4ccc(C([*])(C)C)cc4)cc3)cc2)cc1,25.80286592,CO2
343,[*]c1ccc(Oc2ccc(S(=O)(=O)c3ccc(Oc4ccc(C([*])(C)C)cc4)cc3)cc2)cc1,0.941340238,N2
344,[*]c1ccc(Oc2ccc(S(=O)(=O)c3ccc(Oc4ccc(C([*])(C)C)cc4)cc3)cc2)cc1,1.293689052,O2
345,[*]c1ccc(Oc2ccc(C(c3ccc(Oc4ccc(S([*])(=O)=O)cc4)cc3)(C(F)(F)F)C(F)(F)F)cc2)cc1,4.208186186,CH4
346,[*]c1ccc(Oc2ccc(C(c3ccc(Oc4ccc(S([*])(=O)=O)cc4)cc3)(C(F)(F)F)C(F)(F)F)cc2)cc1,25.15752588,CO2
347,[*]c1ccc(Oc2ccc(C(c3ccc(Oc4ccc(S([*])(=O)=O)cc4)cc3)(C(F)(F)F)C(F)(F)F)cc2)cc1,0.663570684,N2
348,[*]c1ccc(Oc2ccc(C(c3ccc(Oc4ccc(S([*])(=O)=O)cc4)cc3)(C(F)(F)F)C(F)(F)F)cc2)cc1,1.159238249,O2
349,[*]NC(=O)c1cc(C(c2ccc(C(=O)O)c(C(=O)Nc3cc(Oc4ccc(N)c([*])c4)ccc3N)c2)(C(F)(F)F)C(F)(F)F)ccc1C(=O)O,4.795678301,CH4
350,[*]NC(=O)c1cc(C(c2ccc(C(=O)O)c(C(=O)Nc3cc(Oc4ccc(N)c([*])c4)ccc3N)c2)(C(F)(F)F)C(F)(F)F)ccc1C(=O)O,68.96912009,CO2
351,[*]NC(=O)c1cc(C(c2ccc(C(=O)O)c(C(=O)Nc3cc(Oc4ccc(N)c([*])c4)ccc3N)c2)(C(F)(F)F)C(F)(F)F)ccc1C(=O)O,0.764263614,N2
352,[*]NC(=O)c1cc(C(c2ccc(C(=O)O)c(C(=O)Nc3cc(Oc4ccc(N)c([*])c4)ccc3N)c2)(C(F)(F)F)C(F)(F)F)ccc1C(=O)O,1.302089638,O2
353,[*]Cc1cc(C)c(Oc2ccc(S(=O)(=O)c3ccc(Oc4c(C)cc([*])cc4C)cc3)cc2)c(C)c1,3.299022648,CH4
354,[*]Cc1cc(C)c(Oc2ccc(S(=O)(=O)c3ccc(Oc4c(C)cc([*])cc4C)cc3)cc2)c(C)c1,14.96750479,CO2
355,[*]Cc1cc(C)c(Oc2ccc(S(=O)(=O)c3ccc(Oc4c(C)cc([*])cc4C)cc3)cc2)c(C)c1,0.487999644,N2
356,[*]Cc1cc(C)c(Oc2ccc(S(=O)(=O)c3ccc(Oc4c(C)cc([*])cc4C)cc3)cc2)c(C)c1,0.888150329,O2
357,[*]c1ccc(Oc2ccc(S(=O)(=O)c3ccc(Oc4ccc(C([*])(C)C)cc4C)cc3)cc2)c(C)c1,2.906166667,CH4
358,[*]c1ccc(Oc2ccc(S(=O)(=O)c3ccc(Oc4ccc(C([*])(C)C)cc4C)cc3)cc2)c(C)c1,13.43348238,CO2
359,[*]c1ccc(Oc2ccc(S(=O)(=O)c3ccc(Oc4ccc(C([*])(C)C)cc4C)cc3)cc2)c(C)c1,0.427642742,N2
360,[*]c1ccc(Oc2ccc(S(=O)(=O)c3ccc(Oc4ccc(C([*])(C)C)cc4C)cc3)cc2)c(C)c1,0.798744648,O2
361,[*]c1ccc(Oc2ccc(Cc3ccc(Oc4ccc(S([*])(=O)=O)cc4)cc3)cc2)cc1,1.744032416,CH4
362,[*]c1ccc(Oc2ccc(Cc3ccc(Oc4ccc(S([*])(=O)=O)cc4)cc3)cc2)cc1,11.25211927,CO2
363,[*]c1ccc(Oc2ccc(Cc3ccc(Oc4ccc(S([*])(=O)=O)cc4)cc3)cc2)cc1,0.267404619,N2
364,[*]c1ccc(Oc2ccc(Cc3ccc(Oc4ccc(S([*])(=O)=O)cc4)cc3)cc2)cc1,0.529397661,O2
365,[*]c1ccc(Oc2ccc(Oc3ccc(Oc4ccc(S([*])(=O)=O)cc4)cc3)cc2)cc1,1.768603638,CH4
366,[*]c1ccc(Oc2ccc(Oc3ccc(Oc4ccc(S([*])(=O)=O)cc4)cc3)cc2)cc1,12.29010603,CO2
367,[*]c1ccc(Oc2ccc(Oc3ccc(Oc4ccc(S([*])(=O)=O)cc4)cc3)cc2)cc1,0.257320074,N2
368,[*]c1ccc(Oc2ccc(Oc3ccc(Oc4ccc(S([*])(=O)=O)cc4)cc3)cc2)cc1,0.513714652,O2
369,[*]c1ccc(Oc2ccc3cc(Oc4ccc(S([*])(=O)=O)cc4)ccc3c2)cc1,3.392793092,CH4
370,[*]c1ccc(Oc2ccc3cc(Oc4ccc(S([*])(=O)=O)cc4)ccc3c2)cc1,22.57965673,CO2
371,[*]c1ccc(Oc2ccc3cc(Oc4ccc(S([*])(=O)=O)cc4)ccc3c2)cc1,0.486233673,N2
372,[*]c1ccc(Oc2ccc3cc(Oc4ccc(S([*])(=O)=O)cc4)ccc3c2)cc1,0.898669481,O2
373,[*]c1ccc(Oc2ccc3ccc(Oc4ccc(S([*])(=O)=O)cc4)cc3c2)cc1,3.181515117,CH4
374,[*]c1ccc(Oc2ccc3ccc(Oc4ccc(S([*])(=O)=O)cc4)cc3c2)cc1,23.45661988,CO2
375,[*]c1ccc(Oc2ccc3ccc(Oc4ccc(S([*])(=O)=O)cc4)cc3c2)cc1,0.457016049,N2
376,[*]c1ccc(Oc2ccc3ccc(Oc4ccc(S([*])(=O)=O)cc4)cc3c2)cc1,0.85558684,O2
377,[*]c1ccc(Oc2ccc(S(=O)(=O)c3ccc(Oc4cccc(C([*])(C)C)c4)cc3)cc2)cc1,6.310872483,CH4
378,[*]c1ccc(Oc2ccc(S(=O)(=O)c3ccc(Oc4cccc(C([*])(C)C)c4)cc3)cc2)cc1,48.48480761,CO2
379,[*]c1ccc(Oc2ccc(S(=O)(=O)c3ccc(Oc4cccc(C([*])(C)C)c4)cc3)cc2)cc1,0.845339487,N2
380,[*]c1ccc(Oc2ccc(S(=O)(=O)c3ccc(Oc4cccc(C([*])(C)C)c4)cc3)cc2)cc1,1.466834233,O2
381,[*]c1cc(C)c(Oc2ccc(S(=O)(=O)c3ccc(Oc4c(C)cc(C(C)(C)c5ccc(C([*])(C)C)cc5)cc4C)cc3)cc2)c(C)c1,11.17286139,CH4
382,[*]c1cc(C)c(Oc2ccc(S(=O)(=O)c3ccc(Oc4c(C)cc(C(C)(C)c5ccc(C([*])(C)C)cc5)cc4C)cc3)cc2)c(C)c1,63.99385853,CO2
383,[*]c1cc(C)c(Oc2ccc(S(=O)(=O)c3ccc(Oc4c(C)cc(C(C)(C)c5ccc(C([*])(C)C)cc5)cc4C)cc3)cc2)c(C)c1,1.78428842,N2
384,[*]c1cc(C)c(Oc2ccc(S(=O)(=O)c3ccc(Oc4c(C)cc(C(C)(C)c5ccc(C([*])(C)C)cc5)cc4C)cc3)cc2)c(C)c1,2.746346083,O2
385,[*]c1cc(C)c(Oc2ccc(S(=O)(=O)c3ccc(Oc4c(C)cc(C(C)(C)c5cccc(C([*])(C)C)c5)cc4C)cc3)cc2)c(C)c1,4.570528851,CH4
386,[*]c1cc(C)c(Oc2ccc(S(=O)(=O)c3ccc(Oc4c(C)cc(C(C)(C)c5cccc(C([*])(C)C)c5)cc4C)cc3)cc2)c(C)c1,28.21777415,CO2
387,[*]c1cc(C)c(Oc2ccc(S(=O)(=O)c3ccc(Oc4c(C)cc(C(C)(C)c5cccc(C([*])(C)C)c5)cc4C)cc3)cc2)c(C)c1,0.71367975,N2
388,[*]c1cc(C)c(Oc2ccc(S(=O)(=O)c3ccc(Oc4c(C)cc(C(C)(C)c5cccc(C([*])(C)C)c5)cc4C)cc3)cc2)c(C)c1,1.148091823,O2
389,[*]c1ccc(Oc2ccc(S(=O)(=O)c3ccc(Oc4ccc(C(C)(C)c5ccc(C([*])(C)C)cc5)cc4)cc3)cc2)cc1,2.146981218,CH4
390,[*]c1ccc(Oc2ccc(S(=O)(=O)c3ccc(Oc4ccc(C(C)(C)c5ccc(C([*])(C)C)cc5)cc4)cc3)cc2)cc1,7.448946756,CO2
391,[*]c1ccc(Oc2ccc(S(=O)(=O)c3ccc(Oc4ccc(C(C)(C)c5ccc(C([*])(C)C)cc5)cc4)cc3)cc2)cc1,0.404506886,N2
392,[*]c1ccc(Oc2ccc(S(=O)(=O)c3ccc(Oc4ccc(C(C)(C)c5ccc(C([*])(C)C)cc5)cc4)cc3)cc2)cc1,0.643850879,O2
393,[*]c1ccc(Oc2ccc(S(=O)(=O)c3ccc(Oc4ccc(C(C)(C)c5cccc(C([*])(C)C)c5)cc4)cc3)cc2)cc1,15.22871633,CH4
394,[*]c1ccc(Oc2ccc(S(=O)(=O)c3ccc(Oc4ccc(C(C)(C)c5cccc(C([*])(C)C)c5)cc4)cc3)cc2)cc1,132.9864937,CO2
395,[*]c1ccc(Oc2ccc(S(=O)(=O)c3ccc(Oc4ccc(C(C)(C)c5cccc(C([*])(C)C)c5)cc4)cc3)cc2)cc1,2.224423081,N2
396,[*]c1ccc(Oc2ccc(S(=O)(=O)c3ccc(Oc4ccc(C(C)(C)c5cccc(C([*])(C)C)c5)cc4)cc3)cc2)cc1,3.443564658,O2
397,[*]c1ccc(Oc2ccc(S(=O)(=O)c3ccc(Oc4ccc(C([*])(C)c5ccccc5)cc4)cc3)cc2)cc1,2.919678087,CH4
398,[*]c1ccc(Oc2ccc(S(=O)(=O)c3ccc(Oc4ccc(C([*])(C)c5ccccc5)cc4)cc3)cc2)cc1,17.8029116,CO2
399,[*]c1ccc(Oc2ccc(S(=O)(=O)c3ccc(Oc4ccc(C([*])(C)c5ccccc5)cc4)cc3)cc2)cc1,0.434066586,N2
400,[*]c1ccc(Oc2ccc(S(=O)(=O)c3ccc(Oc4ccc(C([*])(C)c5ccccc5)cc4)cc3)cc2)cc1,0.813292121,O2
401,[*]c1ccc(Oc2ccc(S(=O)(=O)c3ccc(Oc4ccc(C5([*])CCCCC5)cc4C)cc3)cc2)c(C)c1,4.178041289,CH4
402,[*]c1ccc(Oc2ccc(S(=O)(=O)c3ccc(Oc4ccc(C5([*])CCCCC5)cc4C)cc3)cc2)c(C)c1,22.34193104,CO2
403,[*]c1ccc(Oc2ccc(S(=O)(=O)c3ccc(Oc4ccc(C5([*])CCCCC5)cc4C)cc3)cc2)c(C)c1,0.604144224,N2
404,[*]c1ccc(Oc2ccc(S(=O)(=O)c3ccc(Oc4ccc(C5([*])CCCCC5)cc4C)cc3)cc2)c(C)c1,1.078033376,O2
405,[*]c1ccc(Oc2ccc(C(=O)c3ccc(-c4ccc(C(=O)c5ccc(Oc6ccc(C([*])(C)C)cc6)cc5)cc4)cc3)cc2)cc1,2.518274106,CH4
406,[*]c1ccc(Oc2ccc(C(=O)c3ccc(-c4ccc(C(=O)c5ccc(Oc6ccc(C([*])(C)C)cc6)cc5)cc4)cc3)cc2)cc1,16.93582662,CO2
407,[*]c1ccc(Oc2ccc(C(=O)c3ccc(-c4ccc(C(=O)c5ccc(Oc6ccc(C([*])(C)C)cc6)cc5)cc4)cc3)cc2)cc1,0.393009561,N2
408,[*]c1ccc(Oc2ccc(C(=O)c3ccc(-c4ccc(C(=O)c5ccc(Oc6ccc(C([*])(C)C)cc6)cc5)cc4)cc3)cc2)cc1,0.724740177,O2
409,[*]c1ccc(Oc2ccc3c(c2)C(=O)N(c2cccc(N4C(=O)c5ccc(Oc6ccc(C([*])(C)C)cc6)cc5C4=O)c2)C3=O)cc1,4.745994712,CH4
410,[*]c1ccc(Oc2ccc3c(c2)C(=O)N(c2cccc(N4C(=O)c5ccc(Oc6ccc(C([*])(C)C)cc6)cc5C4=O)c2)C3=O)cc1,30.67216817,CO2
411,[*]c1ccc(Oc2ccc3c(c2)C(=O)N(c2cccc(N4C(=O)c5ccc(Oc6ccc(C([*])(C)C)cc6)cc5C4=O)c2)C3=O)cc1,0.677612744,N2
412,[*]c1ccc(Oc2ccc3c(c2)C(=O)N(c2cccc(N4C(=O)c5ccc(Oc6ccc(C([*])(C)C)cc6)cc5C4=O)c2)C3=O)cc1,1.210309902,O2
413,[*]c1ccc(Oc2ccc(C3(c4ccc(Oc5ccc(S([*])(=O)=O)cc5)cc4)c4ccccc4-c4ccccc43)cc2)cc1,5.245190024,CH4
414,[*]c1ccc(Oc2ccc(C3(c4ccc(Oc5ccc(S([*])(=O)=O)cc5)cc4)c4ccccc4-c4ccccc43)cc2)cc1,31.36273339,CO2
415,[*]c1ccc(Oc2ccc(C3(c4ccc(Oc5ccc(S([*])(=O)=O)cc5)cc4)c4ccccc4-c4ccccc43)cc2)cc1,0.816550297,N2
416,[*]c1ccc(Oc2ccc(C3(c4ccc(Oc5ccc(S([*])(=O)=O)cc5)cc4)c4ccccc4-c4ccccc43)cc2)cc1,1.385469251,O2
417,[*]c1ccc2c(c1)C(=O)n1c-2nc2ccc(Oc3ccc4nc5n(c4c3)C(=O)c3cc(C([*])(C(F)(F)F)C(F)(F)F)ccc3-5)cc21,14.78184278,CH4
418,[*]c1ccc2c(c1)C(=O)n1c-2nc2ccc(Oc3ccc4nc5n(c4c3)C(=O)c3cc(C([*])(C(F)(F)F)C(F)(F)F)ccc3-5)cc21,94.83304697,CO2
419,[*]c1ccc2c(c1)C(=O)n1c-2nc2ccc(Oc3ccc4nc5n(c4c3)C(=O)c3cc(C([*])(C(F)(F)F)C(F)(F)F)ccc3-5)cc21,2.164341566,N2
420,[*]c1ccc2c(c1)C(=O)n1c-2nc2ccc(Oc3ccc4nc5n(c4c3)C(=O)c3cc(C([*])(C(F)(F)F)C(F)(F)F)ccc3-5)cc21,3.357558465,O2
421,[*]Sc1ccc([*])cc1,1.217532191,CH4
422,[*]Sc1ccc([*])cc1,4.313165572,CO2
423,[*]Sc1ccc([*])cc1,0.185919539,N2
424,[*]Sc1ccc([*])cc1,0.380822667,O2
425,[*]c1ccc(C)c(N2C(=O)c3ccc(C(c4ccc5c(c4)C(=O)N([*])C5=O)(C(F)(F)F)C(F)(F)F)cc3C2=O)c1,14.60895555,CH4
426,[*]c1ccc(C)c(N2C(=O)c3ccc(C(c4ccc5c(c4)C(=O)N([*])C5=O)(C(F)(F)F)C(F)(F)F)cc3C2=O)c1,104.5359462,CO2
427,[*]c1ccc(C)c(N2C(=O)c3ccc(C(c4ccc5c(c4)C(=O)N([*])C5=O)(C(F)(F)F)C(F)(F)F)cc3C2=O)c1,2.20339315,N2
428,[*]c1ccc(C)c(N2C(=O)c3ccc(C(c4ccc5c(c4)C(=O)N([*])C5=O)(C(F)(F)F)C(F)(F)F)cc3C2=O)c1,3.322483132,O2
429,[*]c1ccc(C)c(N2C(=O)c3ccc(S(=O)(=O)c4ccc5c(c4)C(=O)N([*])C5=O)cc3C2=O)c1,10.43008855,CH4
430,[*]c1ccc(C)c(N2C(=O)c3ccc(S(=O)(=O)c4ccc5c(c4)C(=O)N([*])C5=O)cc3C2=O)c1,104.0344758,CO2
431,[*]c1ccc(C)c(N2C(=O)c3ccc(S(=O)(=O)c4ccc5c(c4)C(=O)N([*])C5=O)cc3C2=O)c1,1.487804854,N2
432,[*]c1ccc(C)c(N2C(=O)c3ccc(S(=O)(=O)c4ccc5c(c4)C(=O)N([*])C5=O)cc3C2=O)c1,2.465122059,O2
433,[*]c1ccc(C)c(N2C(=O)c3ccc(-c4ccc5c(c4)C(=O)N([*])C5=O)cc3C2=O)c1,13.85010889,CH4
434,[*]c1ccc(C)c(N2C(=O)c3ccc(-c4ccc5c(c4)C(=O)N([*])C5=O)cc3C2=O)c1,110.1021909,CO2
435,[*]c1ccc(C)c(N2C(=O)c3ccc(-c4ccc5c(c4)C(=O)N([*])C5=O)cc3C2=O)c1,1.946068218,N2
436,[*]c1ccc(C)c(N2C(=O)c3ccc(-c4ccc5c(c4)C(=O)N([*])C5=O)cc3C2=O)c1,3.016502977,O2
437,[*]c1ccc(Cc2ccc(-n3c(=O)c4cc5c(=O)n([*])c(=O)c5cc4c3=O)cc2)cc1,4.888801329,CH4
438,[*]c1ccc(Cc2ccc(-n3c(=O)c4cc5c(=O)n([*])c(=O)c5cc4c3=O)cc2)cc1,97.53809977,CO2
439,[*]c1ccc(Cc2ccc(-n3c(=O)c4cc5c(=O)n([*])c(=O)c5cc4c3=O)cc2)cc1,0.697878272,N2
440,[*]c1ccc(Cc2ccc(-n3c(=O)c4cc5c(=O)n([*])c(=O)c5cc4c3=O)cc2)cc1,1.163772708,O2
441,[*]c1ccc(Oc2ccc(-n3c(=O)c4cc5c(=O)n([*])c(=O)c5cc4c3=O)cc2)cc1,7.892483229,CH4
442,[*]c1ccc(Oc2ccc(-n3c(=O)c4cc5c(=O)n([*])c(=O)c5cc4c3=O)cc2)cc1,71.40718786,CO2
443,[*]c1ccc(Oc2ccc(-n3c(=O)c4cc5c(=O)n([*])c(=O)c5cc4c3=O)cc2)cc1,1.074383329,N2
444,[*]c1ccc(Oc2ccc(-n3c(=O)c4cc5c(=O)n([*])c(=O)c5cc4c3=O)cc2)cc1,1.850445159,O2
445,[*]c1cccc(Oc2cccc(-n3c(=O)c4cc5c(=O)n([*])c(=O)c5cc4c3=O)c2)c1,11.18379813,CH4
446,[*]c1cccc(Oc2cccc(-n3c(=O)c4cc5c(=O)n([*])c(=O)c5cc4c3=O)c2)c1,73.81140369,CO2
447,[*]c1cccc(Oc2cccc(-n3c(=O)c4cc5c(=O)n([*])c(=O)c5cc4c3=O)c2)c1,1.675702033,N2
448,[*]c1cccc(Oc2cccc(-n3c(=O)c4cc5c(=O)n([*])c(=O)c5cc4c3=O)c2)c1,2.571544259,O2
449,[*]c1ccc(N2C(=O)c3ccc(C(c4ccc5c(c4)C(=O)N(c4ccc(C([*])(C)C)cc4)C5=O)(C(F)(F)F)C(F)(F)F)cc3C2=O)cc1,11.18379813,CH4
450,[*]c1ccc(N2C(=O)c3ccc(C(c4ccc5c(c4)C(=O)N(c4ccc(C([*])(C)C)cc4)C5=O)(C(F)(F)F)C(F)(F)F)cc3C2=O)cc1,73.81140369,CO2
451,[*]c1ccc(N2C(=O)c3ccc(C(c4ccc5c(c4)C(=O)N(c4ccc(C([*])(C)C)cc4)C5=O)(C(F)(F)F)C(F)(F)F)cc3C2=O)cc1,1.675702033,N2
452,[*]c1ccc(N2C(=O)c3ccc(C(c4ccc5c(c4)C(=O)N(c4ccc(C([*])(C)C)cc4)C5=O)(C(F)(F)F)C(F)(F)F)cc3C2=O)cc1,2.571544259,O2
453,[*]c1ccc(N2C(=O)c3ccc(-c4ccc5c(c4)C(=O)N(c4ccc(C([*])(C)C)cc4)C5=O)cc3C2=O)cc1,9.3401541,CH4
454,[*]c1ccc(N2C(=O)c3ccc(-c4ccc5c(c4)C(=O)N(c4ccc(C([*])(C)C)cc4)C5=O)cc3C2=O)cc1,59.78421247,CO2
455,[*]c1ccc(N2C(=O)c3ccc(-c4ccc5c(c4)C(=O)N(c4ccc(C([*])(C)C)cc4)C5=O)cc3C2=O)cc1,1.302602461,N2
456,[*]c1ccc(N2C(=O)c3ccc(-c4ccc5c(c4)C(=O)N(c4ccc(C([*])(C)C)cc4)C5=O)cc3C2=O)cc1,2.123354339,O2
457,[*]C(=O)c1ccc2c(c1)C(=O)N(c1ccc(C(c3ccc(N4C(=O)c5ccc([*])cc5C4=O)cc3)(C(F)(F)F)C(F)(F)F)cc1)C2=O,9.44221019,CH4
458,[*]C(=O)c1ccc2c(c1)C(=O)N(c1ccc(C(c3ccc(N4C(=O)c5ccc([*])cc5C4=O)cc3)(C(F)(F)F)C(F)(F)F)cc1)C2=O,74.64630393,CO2
459,[*]C(=O)c1ccc2c(c1)C(=O)N(c1ccc(C(c3ccc(N4C(=O)c5ccc([*])cc5C4=O)cc3)(C(F)(F)F)C(F)(F)F)cc1)C2=O,1.485747369,N2
460,[*]C(=O)c1ccc2c(c1)C(=O)N(c1ccc(C(c3ccc(N4C(=O)c5ccc([*])cc5C4=O)cc3)(C(F)(F)F)C(F)(F)F)cc1)C2=O,2.341031608,O2
461,[*]c1ccc2c(c1)C(=O)N(c1ccc(C(c3ccc(N4C(=O)c5ccc(C([*])(C(F)(F)F)C(F)(F)F)cc5C4=O)cc3)(C(F)(F)F)C(F)(F)F)cc1)C2=O,11.17286139,CH4
462,[*]c1ccc2c(c1)C(=O)N(c1ccc(C(c3ccc(N4C(=O)c5ccc(C([*])(C(F)(F)F)C(F)(F)F)cc5C4=O)cc3)(C(F)(F)F)C(F)(F)F)cc1)C2=O,63.99385853,CO2
463,[*]c1ccc2c(c1)C(=O)N(c1ccc(C(c3ccc(N4C(=O)c5ccc(C([*])(C(F)(F)F)C(F)(F)F)cc5C4=O)cc3)(C(F)(F)F)C(F)(F)F)cc1)C2=O,1.78428842,N2
464,[*]c1ccc2c(c1)C(=O)N(c1ccc(C(c3ccc(N4C(=O)c5ccc(C([*])(C(F)(F)F)C(F)(F)F)cc5C4=O)cc3)(C(F)(F)F)C(F)(F)F)cc1)C2=O,2.746346083,O2
465,[*]c1ccc2c(c1)C(=O)N(c1ccc(Cc3ccc(N4C(=O)c5ccc(C([*])(C(F)(F)F)C(F)(F)F)cc5C4=O)cc3)cc1)C2=O,2.062583596,CH4
466,[*]c1ccc2c(c1)C(=O)N(c1ccc(Cc3ccc(N4C(=O)c5ccc(C([*])(C(F)(F)F)C(F)(F)F)cc5C4=O)cc3)cc1)C2=O,6.316972624,CO2
467,[*]c1ccc2c(c1)C(=O)N(c1ccc(Cc3ccc(N4C(=O)c5ccc(C([*])(C(F)(F)F)C(F)(F)F)cc5C4=O)cc3)cc1)C2=O,0.375934028,N2
468,[*]c1ccc2c(c1)C(=O)N(c1ccc(Cc3ccc(N4C(=O)c5ccc(C([*])(C(F)(F)F)C(F)(F)F)cc5C4=O)cc3)cc1)C2=O,0.582876106,O2
469,[*]c1ccc2c(c1)C(=O)N(c1ccc(Cc3ccc(N4C(=O)c5ccc([*])cc5C4=O)cc3)cc1)C2=O,11.18379813,CH4
470,[*]c1ccc2c(c1)C(=O)N(c1ccc(Cc3ccc(N4C(=O)c5ccc([*])cc5C4=O)cc3)cc1)C2=O,73.81140369,CO2
471,[*]c1ccc2c(c1)C(=O)N(c1ccc(Cc3ccc(N4C(=O)c5ccc([*])cc5C4=O)cc3)cc1)C2=O,1.675702033,N2
472,[*]c1ccc2c(c1)C(=O)N(c1ccc(Cc3ccc(N4C(=O)c5ccc([*])cc5C4=O)cc3)cc1)C2=O,2.571544259,O2
473,[*]C(=O)c1ccc2c(c1)C(=O)N(c1ccc(Oc3ccc(N4C(=O)c5ccc([*])cc5C4=O)cc3)cc1)C2=O,6.310872483,CH4
474,[*]C(=O)c1ccc2c(c1)C(=O)N(c1ccc(Oc3ccc(N4C(=O)c5ccc([*])cc5C4=O)cc3)cc1)C2=O,48.48480761,CO2
475,[*]C(=O)c1ccc2c(c1)C(=O)N(c1ccc(Oc3ccc(N4C(=O)c5ccc([*])cc5C4=O)cc3)cc1)C2=O,0.845339487,N2
476,[*]C(=O)c1ccc2c(c1)C(=O)N(c1ccc(Oc3ccc(N4C(=O)c5ccc([*])cc5C4=O)cc3)cc1)C2=O,1.466834233,O2
477,[*]c1ccc2c(c1)C(=O)N(c1ccc(Oc3ccc(N4C(=O)c5ccc(C([*])(C(F)(F)F)C(F)(F)F)cc5C4=O)cc3)cc1)C2=O,13.10136423,CH4
478,[*]c1ccc2c(c1)C(=O)N(c1ccc(Oc3ccc(N4C(=O)c5ccc(C([*])(C(F)(F)F)C(F)(F)F)cc5C4=O)cc3)cc1)C2=O,97.2318274,CO2
479,[*]c1ccc2c(c1)C(=O)N(c1ccc(Oc3ccc(N4C(=O)c5ccc(C([*])(C(F)(F)F)C(F)(F)F)cc5C4=O)cc3)cc1)C2=O,1.964517431,N2
480,[*]c1ccc2c(c1)C(=O)N(c1ccc(Oc3ccc(N4C(=O)c5ccc(C([*])(C(F)(F)F)C(F)(F)F)cc5C4=O)cc3)cc1)C2=O,2.954760898,O2
481,[*]c1ccc2c(c1)C(=O)N(c1ccc(Oc3ccc(N4C(=O)c5ccc([*])cc5C4=O)cc3)cc1)C2=O,4.570528851,CH4
482,[*]c1ccc2c(c1)C(=O)N(c1ccc(Oc3ccc(N4C(=O)c5ccc([*])cc5C4=O)cc3)cc1)C2=O,28.21777415,CO2
483,[*]c1ccc2c(c1)C(=O)N(c1ccc(Oc3ccc(N4C(=O)c5ccc([*])cc5C4=O)cc3)cc1)C2=O,0.71367975,N2
484,[*]c1ccc2c(c1)C(=O)N(c1ccc(Oc3ccc(N4C(=O)c5ccc([*])cc5C4=O)cc3)cc1)C2=O,1.148091823,O2
485,[*]c1ccc2c(c1)C(=O)N(c1ccc(S(=O)(=O)c3ccc(N4C(=O)c5ccc([*])cc5C4=O)cc3)cc1)C2=O,2.146981218,CH4
486,[*]c1ccc2c(c1)C(=O)N(c1ccc(S(=O)(=O)c3ccc(N4C(=O)c5ccc([*])cc5C4=O)cc3)cc1)C2=O,7.448946756,CO2
487,[*]c1ccc2c(c1)C(=O)N(c1ccc(S(=O)(=O)c3ccc(N4C(=O)c5ccc([*])cc5C4=O)cc3)cc1)C2=O,0.404506886,N2
488,[*]c1ccc2c(c1)C(=O)N(c1ccc(S(=O)(=O)c3ccc(N4C(=O)c5ccc([*])cc5C4=O)cc3)cc1)C2=O,0.643850879,O2
489,[*]C(=O)c1ccc2c(c1)C(=O)N(c1cccc(C(c3cccc(N4C(=O)c5ccc([*])cc5C4=O)c3)(C(F)(F)F)C(F)(F)F)c1)C2=O,1.217532191,CH4
490,[*]C(=O)c1ccc2c(c1)C(=O)N(c1cccc(C(c3cccc(N4C(=O)c5ccc([*])cc5C4=O)c3)(C(F)(F)F)C(F)(F)F)c1)C2=O,4.313165572,CO2
491,[*]C(=O)c1ccc2c(c1)C(=O)N(c1cccc(C(c3cccc(N4C(=O)c5ccc([*])cc5C4=O)c3)(C(F)(F)F)C(F)(F)F)c1)C2=O,0.185919539,N2
492,[*]C(=O)c1ccc2c(c1)C(=O)N(c1cccc(C(c3cccc(N4C(=O)c5ccc([*])cc5C4=O)c3)(C(F)(F)F)C(F)(F)F)c1)C2=O,0.380822667,O2
493,[*]c1ccc2c(c1)C(=O)N(c1cccc(C(c3cccc(N4C(=O)c5ccc(C([*])(C(F)(F)F)C(F)(F)F)cc5C4=O)c3)(C(F)(F)F)C(F)(F)F)c1)C2=O,13.85010889,CH4
494,[*]c1ccc2c(c1)C(=O)N(c1cccc(C(c3cccc(N4C(=O)c5ccc(C([*])(C(F)(F)F)C(F)(F)F)cc5C4=O)c3)(C(F)(F)F)C(F)(F)F)c1)C2=O,110.1021909,CO2
495,[*]c1ccc2c(c1)C(=O)N(c1cccc(C(c3cccc(N4C(=O)c5ccc(C([*])(C(F)(F)F)C(F)(F)F)cc5C4=O)c3)(C(F)(F)F)C(F)(F)F)c1)C2=O,1.946068218,N2
496,[*]c1ccc2c(c1)C(=O)N(c1cccc(C(c3cccc(N4C(=O)c5ccc(C([*])(C(F)(F)F)C(F)(F)F)cc5C4=O)c3)(C(F)(F)F)C(F)(F)F)c1)C2=O,3.016502977,O2
497,[*]c1cc(C)c2c(c1)S(=O)(=O)c1cc(N3C(=O)c4ccc(-c5ccc6c(c5)C(=O)N([*])C6=O)cc4C3=O)cc(C)c1-2,15.22871633,CH4
498,[*]c1cc(C)c2c(c1)S(=O)(=O)c1cc(N3C(=O)c4ccc(-c5ccc6c(c5)C(=O)N([*])C6=O)cc4C3=O)cc(C)c1-2,132.9864937,CO2
499,[*]c1cc(C)c2c(c1)S(=O)(=O)c1cc(N3C(=O)c4ccc(-c5ccc6c(c5)C(=O)N([*])C6=O)cc4C3=O)cc(C)c1-2,2.224423081,N2
500,[*]c1cc(C)c2c(c1)S(=O)(=O)c1cc(N3C(=O)c4ccc(-c5ccc6c(c5)C(=O)N([*])C6=O)cc4C3=O)cc(C)c1-2,3.443564658,O2
501,[*]c1ccc(Oc2ccc(C(c3ccc(Oc4ccc(-n5c(=O)c6cc7c(=O)n([*])c(=O)c7cc6c5=O)cc4)cc3)(C(F)(F)F)C(F)(F)F)cc2)cc1,5.921485335,CH4
502,[*]c1ccc(Oc2ccc(C(c3ccc(Oc4ccc(-n5c(=O)c6cc7c(=O)n([*])c(=O)c7cc6c5=O)cc4)cc3)(C(F)(F)F)C(F)(F)F)cc2)cc1,39.90952256,CO2
503,[*]c1ccc(Oc2ccc(C(c3ccc(Oc4ccc(-n5c(=O)c6cc7c(=O)n([*])c(=O)c7cc6c5=O)cc4)cc3)(C(F)(F)F)C(F)(F)F)cc2)cc1,0.905726638,N2
504,[*]c1ccc(Oc2ccc(C(c3ccc(Oc4ccc(-n5c(=O)c6cc7c(=O)n([*])c(=O)c7cc6c5=O)cc4)cc3)(C(F)(F)F)C(F)(F)F)cc2)cc1,1.516077338,O2
505,[*]C(=O)c1ccc2c(c1)C(=O)N(c1ccc(Oc3ccc(C(c4ccc(Oc5ccc(N6C(=O)c7ccc([*])cc7C6=O)cc5)cc4)(C(F)(F)F)C(F)(F)F)cc3)cc1)C2=O,6.395741015,CH4
506,[*]C(=O)c1ccc2c(c1)C(=O)N(c1ccc(Oc3ccc(C(c4ccc(Oc5ccc(N6C(=O)c7ccc([*])cc7C6=O)cc5)cc4)(C(F)(F)F)C(F)(F)F)cc3)cc1)C2=O,43.05720522,CO2
507,[*]C(=O)c1ccc2c(c1)C(=O)N(c1ccc(Oc3ccc(C(c4ccc(Oc5ccc(N6C(=O)c7ccc([*])cc7C6=O)cc5)cc4)(C(F)(F)F)C(F)(F)F)cc3)cc1)C2=O,0.939734542,N2
508,[*]C(=O)c1ccc2c(c1)C(=O)N(c1ccc(Oc3ccc(C(c4ccc(Oc5ccc(N6C(=O)c7ccc([*])cc7C6=O)cc5)cc4)(C(F)(F)F)C(F)(F)F)cc3)cc1)C2=O,1.569952581,O2
509,[*]c1ccc2c(c1)C(=O)N(c1ccc(Oc3ccc(C(c4ccc(Oc5ccc(N6C(=O)c7ccc(C([*])(C(F)(F)F)C(F)(F)F)cc7C6=O)cc5)cc4)(C(F)(F)F)C(F)(F)F)cc3)cc1)C2=O,9.525624642,CH4
510,[*]c1ccc2c(c1)C(=O)N(c1ccc(Oc3ccc(C(c4ccc(Oc5ccc(N6C(=O)c7ccc(C([*])(C(F)(F)F)C(F)(F)F)cc7C6=O)cc5)cc4)(C(F)(F)F)C(F)(F)F)cc3)cc1)C2=O,53.60948119,CO2
511,[*]c1ccc2c(c1)C(=O)N(c1ccc(Oc3ccc(C(c4ccc(Oc5ccc(N6C(=O)c7ccc(C([*])(C(F)(F)F)C(F)(F)F)cc7C6=O)cc5)cc4)(C(F)(F)F)C(F)(F)F)cc3)cc1)C2=O,1.437657333,N2
512,[*]c1ccc2c(c1)C(=O)N(c1ccc(Oc3ccc(C(c4ccc(Oc5ccc(N6C(=O)c7ccc(C([*])(C(F)(F)F)C(F)(F)F)cc7C6=O)cc5)cc4)(C(F)(F)F)C(F)(F)F)cc3)cc1)C2=O,2.2576502,O2
513,[*]c1ccc2c(c1)C(=O)N(c1ccc(Oc3ccc(C(c4ccc(Oc5ccc(N6C(=O)c7ccc(C([*])(C(F)(F)F)C(F)(F)F)cc7C6=O)cc5C(F)(F)F)cc4)(C(F)(F)F)C(F)(F)F)cc3)c(C(F)(F)F)c1)C2=O,9.050279567,CH4
514,[*]c1ccc2c(c1)C(=O)N(c1ccc(Oc3ccc(C(c4ccc(Oc5ccc(N6C(=O)c7ccc(C([*])(C(F)(F)F)C(F)(F)F)cc7C6=O)cc5C(F)(F)F)cc4)(C(F)(F)F)C(F)(F)F)cc3)c(C(F)(F)F)c1)C2=O,55.438656,CO2
515,[*]c1ccc2c(c1)C(=O)N(c1ccc(Oc3ccc(C(c4ccc(Oc5ccc(N6C(=O)c7ccc(C([*])(C(F)(F)F)C(F)(F)F)cc7C6=O)cc5C(F)(F)F)cc4)(C(F)(F)F)C(F)(F)F)cc3)c(C(F)(F)F)c1)C2=O,1.472744807,N2
516,[*]c1ccc2c(c1)C(=O)N(c1ccc(Oc3ccc(C(c4ccc(Oc5ccc(N6C(=O)c7ccc(C([*])(C(F)(F)F)C(F)(F)F)cc7C6=O)cc5C(F)(F)F)cc4)(C(F)(F)F)C(F)(F)F)cc3)c(C(F)(F)F)c1)C2=O,2.28299657,O2
517,[*]c1ccc2c(c1)C(=O)N(c1ccc(Oc3ccc(C(c4ccc(Oc5ccc(N6C(=O)c7ccc([*])cc7C6=O)cc5)cc4)(C(F)(F)F)C(F)(F)F)cc3)cc1)C2=O,4.160515978,CH4
518,[*]c1ccc2c(c1)C(=O)N(c1ccc(Oc3ccc(C(c4ccc(Oc5ccc(N6C(=O)c7ccc([*])cc7C6=O)cc5)cc4)(C(F)(F)F)C(F)(F)F)cc3)cc1)C2=O,12.86403962,CO2
519,[*]c1ccc2c(c1)C(=O)N(c1ccc(Oc3ccc(C(c4ccc(Oc5ccc(N6C(=O)c7ccc([*])cc7C6=O)cc5)cc4)(C(F)(F)F)C(F)(F)F)cc3)cc1)C2=O,0.792537497,N2
520,[*]c1ccc2c(c1)C(=O)N(c1ccc(Oc3ccc(C(c4ccc(Oc5ccc(N6C(=O)c7ccc([*])cc7C6=O)cc5)cc4)(C(F)(F)F)C(F)(F)F)cc3)cc1)C2=O,1.198595549,O2
521,[*]c1ccc2c(c1)C(=O)N(c1ccc(Oc3ccc(C(c4ccc(Oc5ccc(N6C(=O)c7ccc([*])cc7C6=O)cc5C(F)(F)F)cc4)(C(F)(F)F)C(F)(F)F)cc3)c(C(F)(F)F)c1)C2=O,7.270142288,CH4
522,[*]c1ccc2c(c1)C(=O)N(c1ccc(Oc3ccc(C(c4ccc(Oc5ccc(N6C(=O)c7ccc([*])cc7C6=O)cc5C(F)(F)F)cc4)(C(F)(F)F)C(F)(F)F)cc3)c(C(F)(F)F)c1)C2=O,41.37794616,CO2
523,[*]c1ccc2c(c1)C(=O)N(c1ccc(Oc3ccc(C(c4ccc(Oc5ccc(N6C(=O)c7ccc([*])cc7C6=O)cc5C(F)(F)F)cc4)(C(F)(F)F)C(F)(F)F)cc3)c(C(F)(F)F)c1)C2=O,1.139033913,N2
524,[*]c1ccc2c(c1)C(=O)N(c1ccc(Oc3ccc(C(c4ccc(Oc5ccc(N6C(=O)c7ccc([*])cc7C6=O)cc5C(F)(F)F)cc4)(C(F)(F)F)C(F)(F)F)cc3)c(C(F)(F)F)c1)C2=O,1.833463836,O2
